<?xml version="1.0" encoding="utf-8"?>
<gpc defaultLocale="en_US" version="4" keySequence="63" currentLocale="en_US">
  <product appid="PHSP" version="13" name="Photoshop CS6"/>
  <target id="PHSP-13"/>
  <ConfiguratorPanel name="drbjr-Panel" width="160" height="242" init="doInit" close="doClose" persistent="True" extensionId="com.configurator.extension" extensionVersion="1.0.0" menuName="drbjr-Panel" flyoutMenuAbout="$$$/Configurator/FlyoutMenu/about">
    <onInit><![CDATA[]]></onInit>
    <aboutBox><![CDATA[]]></aboutBox>
    <extensionDescription><![CDATA[]]></extensionDescription>
    <extensionAuthor><![CDATA[drbjr.art@hotmail.com]]></extensionAuthor>
    <onClose><![CDATA[]]></onClose>
    <eventListeners>
      <function id="doInit" actionType="jsfunction" jsFunctionName="invoke_script">
        <param id="onInit"/>
      </function>
      <function id="doClose" actionType="jsfunction" jsFunctionName="invoke_script">
        <param id="onClose"/>
      </function>
    </eventListeners>
    <tabnavigator _itemId="container_tabnavigator" toolTip="$$$/Configurator/Container/TabNavigator/desc" label="$$$/Configurator/key_###6" width="142" height="227" cfgVisible="$$$/Configurator/Attribute/visible/value###7" x="0" y="0">
      <canvas _itemId="container_canvas" label="$$$/Configurator/TabNavigator/Canvas###8" width="100%" height="100%" toolTip="$$$/Configurator/Container/Canvas/desc" cfgVisible="$$$/Configurator/Attribute/visible/value###9">
        <ps_action _itemId="ps_actionscript_action" label="$$$/Configurator/ActionScript/Action/name###15" toolTip="$$$/Configurator/ActionScript/Action/desc###16" cfgVisible="$$$/Configurator/Attribute/visible/value###17" click="onClick" icon="ps_action" overIcon="ps_action_r" actionSet="$$$/Configurator/key_###18" actionName="$$$/Configurator/key_###19" showIcon="false" x="15" y="39" width="110" height="24">
          <eventListeners>
            <function id="onClick" actionType="jsfunction" jsFunctionName="ps_invoke_action">
              <param id="actionSet"/>
              <param id="actionName"/>
            </function>
          </eventListeners>
        </ps_action>
        <ps_action _itemId="ps_actionscript_action" label="$$$/Configurator/ActionScript/Action/name###37" toolTip="$$$/Configurator/ActionScript/Action/desc###38" cfgVisible="$$$/Configurator/Attribute/visible/value###39" click="onClick" icon="ps_action" overIcon="ps_action_r" actionSet="$$$/Configurator/key_###40" actionName="$$$/Configurator/key_###41" showIcon="false" x="15" y="160" width="110" height="24">
          <eventListeners>
            <function id="onClick" actionType="jsfunction" jsFunctionName="ps_invoke_action">
              <param id="actionSet"/>
              <param id="actionName"/>
            </function>
          </eventListeners>
        </ps_action>
        <ps_action _itemId="ps_actionscript_action" label="$$$/Configurator/ActionScript/Action/name###22" toolTip="$$$/Configurator/ActionScript/Action/desc###23" cfgVisible="$$$/Configurator/Attribute/visible/value###24" click="onClick" icon="ps_action" overIcon="ps_action_r" actionSet="$$$/Configurator/key_###25" actionName="$$$/Configurator/key_###26" showIcon="false" x="30" y="69" width="80" height="24">
          <eventListeners>
            <function id="onClick" actionType="jsfunction" jsFunctionName="ps_invoke_action">
              <param id="actionSet"/>
              <param id="actionName"/>
            </function>
          </eventListeners>
        </ps_action>
        <ps_action _itemId="ps_actionscript_action" label="$$$/Configurator/ActionScript/Action/name###27" toolTip="$$$/Configurator/ActionScript/Action/desc###28" cfgVisible="$$$/Configurator/Attribute/visible/value###29" click="onClick" icon="ps_action" overIcon="ps_action_r" actionSet="$$$/Configurator/key_###30" actionName="$$$/Configurator/key_###31" showIcon="false" x="30" y="100" width="80" height="24">
          <eventListeners>
            <function id="onClick" actionType="jsfunction" jsFunctionName="ps_invoke_action">
              <param id="actionSet"/>
              <param id="actionName"/>
            </function>
          </eventListeners>
        </ps_action>
        <ps_action _itemId="ps_actionscript_action" label="$$$/Configurator/ActionScript/Action/name###32" toolTip="$$$/Configurator/ActionScript/Action/desc###33" cfgVisible="$$$/Configurator/Attribute/visible/value###34" click="onClick" icon="ps_action" overIcon="ps_action_r" actionSet="$$$/Configurator/key_###35" actionName="$$$/Configurator/key_###36" showIcon="false" x="30" y="130" width="80" height="24">
          <eventListeners>
            <function id="onClick" actionType="jsfunction" jsFunctionName="ps_invoke_action">
              <param id="actionSet"/>
              <param id="actionName"/>
            </function>
          </eventListeners>
        </ps_action>
        <ps_tool _selectID="PbTl" _itemId="Tool-Brush_Tool" icon="SP_Brush_Lg_N" overIcon="SP_Brush_Lg_N_D" toolTip="$$$/Tool-Brush_Tool/desc" scriptID="Tool-Brush_Tool" click="onClick" cfgVisible="$$$/Configurator/Attribute/visible/value###42" width="29" height="26" x="15" y="8">
          <eventListeners>
            <function id="onClick" actionType="jsfunction" jsFunctionName="ps_invoke_script">
              <param id="scriptID"/>
            </function>
          </eventListeners>
        </ps_tool>
        <ps_tool _selectID="wetBrushTool" _itemId="Tool-Mixer_Brush_Tool" icon="SP_WetBrush_Lg_N" overIcon="SP_WetBrush_Lg_N_D" toolTip="$$$/Tool-Mixer_Brush_Tool/desc" scriptID="Tool-Mixer_Brush_Tool" click="onClick" cfgVisible="$$$/Configurator/Attribute/visible/value###43" width="29" height="26" x="41" y="8">
          <eventListeners>
            <function id="onClick" actionType="jsfunction" jsFunctionName="ps_invoke_script">
              <param id="scriptID"/>
            </function>
          </eventListeners>
        </ps_tool>
        <ps_tool _selectID="ErTl" _itemId="Tool-Eraser_Tool" icon="SP_Erase_Lg_N" overIcon="SP_Erase_Lg_N_D" toolTip="$$$/Tool-Eraser_Tool/desc" scriptID="Tool-Eraser_Tool" click="onClick" cfgVisible="$$$/Configurator/Attribute/visible/value###44" width="29" height="26" x="69" y="8">
          <eventListeners>
            <function id="onClick" actionType="jsfunction" jsFunctionName="ps_invoke_script">
              <param id="scriptID"/>
            </function>
          </eventListeners>
        </ps_tool>
        <ps_tool _selectID="SmTl" _itemId="Tool-Smudge_Tool" icon="SP_Smudge_Lg_N" overIcon="SP_Smudge_Lg_N_D" toolTip="$$$/Tool-Smudge_Tool/desc" scriptID="Tool-Smudge_Tool" click="onClick" cfgVisible="$$$/Configurator/Attribute/visible/value###45" width="29" height="26" x="95" y="8">
          <eventListeners>
            <function id="onClick" actionType="jsfunction" jsFunctionName="ps_invoke_script">
              <param id="scriptID"/>
            </function>
          </eventListeners>
        </ps_tool>
        <text _itemId="widget_text" toolTip="$$$/Configurator/Widget/Text/desc###56" styleName="scopeTextArea" width="109" height="16" backgroundAlpha="0" cfgVisible="$$$/Configurator/Attribute/visible/value###57" fontSize="10" fontWeight="normal" fontStyle="normal" textDecoration="none" textAlign="center" backgroundColor="16777215" borderColor="12040892" borderStyle="none" x="15" y="185">
          <text><![CDATA[$$$/Configurator/key_###58]]></text>
        </text>
      </canvas>
      <canvas _itemId="container_canvas" toolTip="$$$/Configurator/Container/Canvas/desc" label="$$$/Configurator/key_###20" width="100%" height="100%" cfgVisible="$$$/Configurator/Attribute/visible/value###21" x="" y="">
        <ps_command _itemId="Panel-Brush_Presets-Rename_Brush" scriptID="Panel-Brush_Presets-Rename_Brush" toolTip="$$$/Panel-Brush_Presets-Rename_Brush/desc" label="$$$/Panel-Brush_Presets-Rename_Brush/name" click="onClick" cfgVisible="$$$/Configurator/Attribute/visible/value###46" x="25" y="129" width="90" height="24">
          <script><![CDATA[ErrStrs = {}; ErrStrs.USER_CANCELLED=localize("$$$/ScriptingSupport/Error/UserCancelled=User cancelled the operation"); try {var idslct = charIDToTypeID( 'slct' );     var desc485 = new ActionDescriptor();     var idnull = charIDToTypeID( 'null' );         var ref418 = new ActionReference();         var idMn = charIDToTypeID( 'Mn  ' );         var idMnIt = charIDToTypeID( 'MnIt' );         var idBrsO = charIDToTypeID( 'BrsO' );         ref418.putEnumerated( idMn, idMnIt, idBrsO );     desc485.putReference( idnull, ref418 ); executeAction( idslct, desc485, DialogModes.ALL ); } catch(e){if (e.toString().indexOf(ErrStrs.USER_CANCELLED)!=-1) {;} else{alert(localize("$$$/ScriptingSupport/Error/CommandNotAvailable=The command is currently not available"));}}]]></script>
          <eventListeners>
            <function id="onClick" actionType="jsfunction" jsFunctionName="ps_invoke_script">
              <param id="script"/>
            </function>
          </eventListeners>
        </ps_command>
        <ps_command _itemId="Panel-Brush_Presets-Delete_Brush" scriptID="Panel-Brush_Presets-Delete_Brush" toolTip="$$$/Panel-Brush_Presets-Delete_Brush/desc" label="$$$/Panel-Brush_Presets-Delete_Brush/name" click="onClick" cfgVisible="$$$/Configurator/Attribute/visible/value###47" x="25" y="160" width="90" height="24">
          <script><![CDATA[ErrStrs = {}; ErrStrs.USER_CANCELLED=localize("$$$/ScriptingSupport/Error/UserCancelled=User cancelled the operation"); try {var idslct = charIDToTypeID( 'slct' );     var desc484 = new ActionDescriptor();     var idnull = charIDToTypeID( 'null' );         var ref417 = new ActionReference();         var idMn = charIDToTypeID( 'Mn  ' );         var idMnIt = charIDToTypeID( 'MnIt' );         var idBrsf = charIDToTypeID( 'Brsf' );         ref417.putEnumerated( idMn, idMnIt, idBrsf );     desc484.putReference( idnull, ref417 ); executeAction( idslct, desc484, DialogModes.ALL ); } catch(e){if (e.toString().indexOf(ErrStrs.USER_CANCELLED)!=-1) {;} else{alert(localize("$$$/ScriptingSupport/Error/CommandNotAvailable=The command is currently not available"));}}]]></script>
          <eventListeners>
            <function id="onClick" actionType="jsfunction" jsFunctionName="ps_invoke_script">
              <param id="script"/>
            </function>
          </eventListeners>
        </ps_command>
        <ps_command _itemId="Panel-Brush_Presets-Load_Brushes" scriptID="Panel-Brush_Presets-Load_Brushes" toolTip="$$$/Panel-Brush_Presets-Load_Brushes/desc" label="$$$/Panel-Brush_Presets-Load_Brushes/name" click="onClick" cfgVisible="$$$/Configurator/Attribute/visible/value###48" x="6" y="8" width="60">
          <script><![CDATA[ErrStrs = {}; ErrStrs.USER_CANCELLED=localize("$$$/ScriptingSupport/Error/UserCancelled=User cancelled the operation"); try {var idslct = charIDToTypeID( 'slct' );     var desc482 = new ActionDescriptor();     var idnull = charIDToTypeID( 'null' );         var ref415 = new ActionReference();         var idMn = charIDToTypeID( 'Mn  ' );         var idMnIt = charIDToTypeID( 'MnIt' );         var idBrsA = charIDToTypeID( 'BrsA' );         ref415.putEnumerated( idMn, idMnIt, idBrsA );     desc482.putReference( idnull, ref415 ); executeAction( idslct, desc482, DialogModes.ALL ); } catch(e){if (e.toString().indexOf(ErrStrs.USER_CANCELLED)!=-1) {;} else{alert(localize("$$$/ScriptingSupport/Error/CommandNotAvailable=The command is currently not available"));}}]]></script>
          <eventListeners>
            <function id="onClick" actionType="jsfunction" jsFunctionName="ps_invoke_script">
              <param id="script"/>
            </function>
          </eventListeners>
        </ps_command>
        <ps_command _itemId="Panel-Brush_Presets-Save_Brushes" scriptID="Panel-Brush_Presets-Save_Brushes" toolTip="$$$/Panel-Brush_Presets-Save_Brushes/desc" label="$$$/Panel-Brush_Presets-Save_Brushes/name" click="onClick" cfgVisible="$$$/Configurator/Attribute/visible/value###49" x="72" y="8" width="60">
          <script><![CDATA[ErrStrs = {}; ErrStrs.USER_CANCELLED=localize("$$$/ScriptingSupport/Error/UserCancelled=User cancelled the operation"); try {var idslct = charIDToTypeID( 'slct' );     var desc481 = new ActionDescriptor();     var idnull = charIDToTypeID( 'null' );         var ref414 = new ActionReference();         var idMn = charIDToTypeID( 'Mn  ' );         var idMnIt = charIDToTypeID( 'MnIt' );         var idBrsv = charIDToTypeID( 'Brsv' );         ref414.putEnumerated( idMn, idMnIt, idBrsv );     desc481.putReference( idnull, ref414 ); executeAction( idslct, desc481, DialogModes.ALL ); } catch(e){if (e.toString().indexOf(ErrStrs.USER_CANCELLED)!=-1) {;} else{alert(localize("$$$/ScriptingSupport/Error/CommandNotAvailable=The command is currently not available"));}}]]></script>
          <eventListeners>
            <function id="onClick" actionType="jsfunction" jsFunctionName="ps_invoke_script">
              <param id="script"/>
            </function>
          </eventListeners>
        </ps_command>
        <ps_command _itemId="Panel-Brush_Presets-Replace_Brushes" scriptID="Panel-Brush_Presets-Replace_Brushes" toolTip="$$$/Panel-Brush_Presets-Replace_Brushes/desc" label="$$$/Panel-Brush_Presets-Replace_Brushes/name" click="onClick" cfgVisible="$$$/Configurator/Attribute/visible/value###50" x="25" y="36" width="90" height="24">
          <script><![CDATA[ErrStrs = {}; ErrStrs.USER_CANCELLED=localize("$$$/ScriptingSupport/Error/UserCancelled=User cancelled the operation"); try {var idslct = charIDToTypeID( 'slct' );     var desc480 = new ActionDescriptor();     var idnull = charIDToTypeID( 'null' );         var ref413 = new ActionReference();         var idMn = charIDToTypeID( 'Mn  ' );         var idMnIt = charIDToTypeID( 'MnIt' );         var idBrsd = charIDToTypeID( 'Brsd' );         ref413.putEnumerated( idMn, idMnIt, idBrsd );     desc480.putReference( idnull, ref413 ); executeAction( idslct, desc480, DialogModes.ALL ); } catch(e){if (e.toString().indexOf(ErrStrs.USER_CANCELLED)!=-1) {;} else{alert(localize("$$$/ScriptingSupport/Error/CommandNotAvailable=The command is currently not available"));}}]]></script>
          <eventListeners>
            <function id="onClick" actionType="jsfunction" jsFunctionName="ps_invoke_script">
              <param id="script"/>
            </function>
          </eventListeners>
        </ps_command>
        <ps_command _itemId="Main-Window-Brush" scriptID="Main-Window-Brush" toolTip="$$$/Main-Window-Brush/desc" label="$$$/Main-Window-Brush/name" click="onClick" cfgVisible="$$$/Configurator/Attribute/visible/value###53" x="25" y="67" width="90" height="24">
          <script><![CDATA[ErrStrs = {}; ErrStrs.USER_CANCELLED=localize("$$$/ScriptingSupport/Error/UserCancelled=User cancelled the operation"); try {var idslct = charIDToTypeID( 'slct' );     var desc806 = new ActionDescriptor();     var idnull = charIDToTypeID( 'null' );         var ref647 = new ActionReference();         var idMn = charIDToTypeID( 'Mn  ' );         var idMnIt = charIDToTypeID( 'MnIt' );         var idTglB = charIDToTypeID( 'TglB' );         ref647.putEnumerated( idMn, idMnIt, idTglB );     desc806.putReference( idnull, ref647 ); executeAction( idslct, desc806, DialogModes.ALL ); } catch(e){if (e.toString().indexOf(ErrStrs.USER_CANCELLED)!=-1) {;} else{alert(localize("$$$/ScriptingSupport/Error/CommandNotAvailable=The command is currently not available"));}}]]></script>
          <eventListeners>
            <function id="onClick" actionType="jsfunction" jsFunctionName="ps_invoke_script">
              <param id="script"/>
            </function>
          </eventListeners>
        </ps_command>
        <text _itemId="widget_text" toolTip="$$$/Configurator/Widget/Text/desc" styleName="scopeTextArea" width="109" height="16" backgroundAlpha="0" cfgVisible="$$$/Configurator/Attribute/visible/value###54" fontSize="10" fontWeight="normal" fontStyle="normal" textDecoration="none" textAlign="center" backgroundColor="16777215" borderColor="12040892" borderStyle="none" x="15" y="185">
          <text><![CDATA[$$$/Configurator/key_###55]]></text>
        </text>
        <ps_action _itemId="ps_actionscript_action" label="$$$/Configurator/ActionScript/Action/name###59" toolTip="$$$/Configurator/ActionScript/Action/desc###60" cfgVisible="$$$/Configurator/Attribute/visible/value###61" click="onClick" icon="ps_action" overIcon="ps_action_r" actionSet="$$$/Configurator/key_###62" actionName="$$$/Configurator/key_###63" showIcon="false" x="25" y="98" width="90" height="24">
          <eventListeners>
            <function id="onClick" actionType="jsfunction" jsFunctionName="ps_invoke_action">
              <param id="actionSet"/>
              <param id="actionName"/>
            </function>
          </eventListeners>
        </ps_action>
      </canvas>
    </tabnavigator>
  </ConfiguratorPanel>
  <images>
    <image id="ps_action" swf="bundles/PHSP-13/PHSP13Bundle.swf_" className="PHSP13Bundle" varName="ps_action"/>
    <image id="ps_action_r" swf="bundles/PHSP-13/PHSP13Bundle.swf_" className="PHSP13Bundle" varName="ps_action_r"/>
    <image id="ps_action" swf="bundles/PHSP-13/PHSP13Bundle.swf_" className="PHSP13Bundle" varName="ps_action"/>
    <image id="ps_action_r" swf="bundles/PHSP-13/PHSP13Bundle.swf_" className="PHSP13Bundle" varName="ps_action_r"/>
    <image id="ps_action" swf="bundles/PHSP-13/PHSP13Bundle.swf_" className="PHSP13Bundle" varName="ps_action"/>
    <image id="ps_action_r" swf="bundles/PHSP-13/PHSP13Bundle.swf_" className="PHSP13Bundle" varName="ps_action_r"/>
    <image id="ps_action" swf="bundles/PHSP-13/PHSP13Bundle.swf_" className="PHSP13Bundle" varName="ps_action"/>
    <image id="ps_action_r" swf="bundles/PHSP-13/PHSP13Bundle.swf_" className="PHSP13Bundle" varName="ps_action_r"/>
    <image id="ps_action" swf="bundles/PHSP-13/PHSP13Bundle.swf_" className="PHSP13Bundle" varName="ps_action"/>
    <image id="ps_action_r" swf="bundles/PHSP-13/PHSP13Bundle.swf_" className="PHSP13Bundle" varName="ps_action_r"/>
    <image id="SP_Brush_Lg_N" swf="bundles/PHSP-13/PHSP13Bundle.swf_" className="PHSP13Bundle" varName="SP_Brush_Lg_N"/>
    <image id="SP_Brush_Lg_N_D" swf="bundles/PHSP-13/PHSP13Bundle.swf_" className="PHSP13Bundle" varName="SP_Brush_Lg_N_D"/>
    <image id="SP_WetBrush_Lg_N" swf="bundles/PHSP-13/PHSP13Bundle.swf_" className="PHSP13Bundle" varName="SP_WetBrush_Lg_N"/>
    <image id="SP_WetBrush_Lg_N_D" swf="bundles/PHSP-13/PHSP13Bundle.swf_" className="PHSP13Bundle" varName="SP_WetBrush_Lg_N_D"/>
    <image id="SP_Erase_Lg_N" swf="bundles/PHSP-13/PHSP13Bundle.swf_" className="PHSP13Bundle" varName="SP_Erase_Lg_N"/>
    <image id="SP_Erase_Lg_N_D" swf="bundles/PHSP-13/PHSP13Bundle.swf_" className="PHSP13Bundle" varName="SP_Erase_Lg_N_D"/>
    <image id="SP_Smudge_Lg_N" swf="bundles/PHSP-13/PHSP13Bundle.swf_" className="PHSP13Bundle" varName="SP_Smudge_Lg_N"/>
    <image id="SP_Smudge_Lg_N_D" swf="bundles/PHSP-13/PHSP13Bundle.swf_" className="PHSP13Bundle" varName="SP_Smudge_Lg_N_D"/>
    <image id="ps_action" swf="bundles/PHSP-13/PHSP13Bundle.swf_" className="PHSP13Bundle" varName="ps_action"/>
    <image id="ps_action_r" swf="bundles/PHSP-13/PHSP13Bundle.swf_" className="PHSP13Bundle" varName="ps_action_r"/>
  </images>
  <scripts>
    <script id="Tool-Brush_Tool"><![CDATA[ErrStrs = {}; ErrStrs.USER_CANCELLED=localize("$$$/ScriptingSupport/Error/UserCancelled=User cancelled the operation"); try {var idslct = charIDToTypeID( 'slct' );     var desc92 = new ActionDescriptor();     var idnull = charIDToTypeID( 'null' );         var ref92 = new ActionReference();         var idPbTl = charIDToTypeID( 'PbTl' );         ref92.putClass( idPbTl );     desc92.putReference( idnull, ref92 ); executeAction( idslct, desc92, DialogModes.ALL ); } catch(e){if (e.toString().indexOf(ErrStrs.USER_CANCELLED)!=-1) {;} else{alert(localize("$$$/ScriptingSupport/Error/CommandNotAvailable=The command is currently not available"));}}]]></script>
    <script id="Tool-Mixer_Brush_Tool"><![CDATA[ErrStrs = {}; ErrStrs.USER_CANCELLED=localize("$$$/ScriptingSupport/Error/UserCancelled=User cancelled the operation"); try {var idslct = charIDToTypeID( 'slct' );     var desc95 = new ActionDescriptor();     var idnull = charIDToTypeID( 'null' );         var ref95 = new ActionReference();         var idMixB = charIDToTypeID( 'MixB' );         ref95.putClass( idMixB );     desc95.putReference( idnull, ref95 ); executeAction( idslct, desc95, DialogModes.ALL ); } catch(e){if (e.toString().indexOf(ErrStrs.USER_CANCELLED)!=-1) {;} else{alert(localize("$$$/ScriptingSupport/Error/CommandNotAvailable=The command is currently not available"));}}]]></script>
    <script id="Tool-Eraser_Tool"><![CDATA[ErrStrs = {}; ErrStrs.USER_CANCELLED=localize("$$$/ScriptingSupport/Error/UserCancelled=User cancelled the operation"); try {var idslct = charIDToTypeID( 'slct' );     var desc100 = new ActionDescriptor();     var idnull = charIDToTypeID( 'null' );         var ref100 = new ActionReference();         var idErTl = charIDToTypeID( 'ErTl' );         ref100.putClass( idErTl );     desc100.putReference( idnull, ref100 ); executeAction( idslct, desc100, DialogModes.ALL ); } catch(e){if (e.toString().indexOf(ErrStrs.USER_CANCELLED)!=-1) {;} else{alert(localize("$$$/ScriptingSupport/Error/CommandNotAvailable=The command is currently not available"));}}]]></script>
    <script id="Tool-Smudge_Tool"><![CDATA[ErrStrs = {}; ErrStrs.USER_CANCELLED=localize("$$$/ScriptingSupport/Error/UserCancelled=User cancelled the operation"); try {var idslct = charIDToTypeID( 'slct' );     var desc108 = new ActionDescriptor();     var idnull = charIDToTypeID( 'null' );         var ref108 = new ActionReference();         var idSmTl = charIDToTypeID( 'SmTl' );         ref108.putClass( idSmTl );     desc108.putReference( idnull, ref108 ); executeAction( idslct, desc108, DialogModes.ALL ); } catch(e){if (e.toString().indexOf(ErrStrs.USER_CANCELLED)!=-1) {;} else{alert(localize("$$$/ScriptingSupport/Error/CommandNotAvailable=The command is currently not available"));}}]]></script>
    <script id="Panel-Brush_Presets-Rename_Brush"><![CDATA[ErrStrs = {}; ErrStrs.USER_CANCELLED=localize("$$$/ScriptingSupport/Error/UserCancelled=User cancelled the operation"); try {var idslct = charIDToTypeID( 'slct' );     var desc485 = new ActionDescriptor();     var idnull = charIDToTypeID( 'null' );         var ref418 = new ActionReference();         var idMn = charIDToTypeID( 'Mn  ' );         var idMnIt = charIDToTypeID( 'MnIt' );         var idBrsO = charIDToTypeID( 'BrsO' );         ref418.putEnumerated( idMn, idMnIt, idBrsO );     desc485.putReference( idnull, ref418 ); executeAction( idslct, desc485, DialogModes.ALL ); } catch(e){if (e.toString().indexOf(ErrStrs.USER_CANCELLED)!=-1) {;} else{alert(localize("$$$/ScriptingSupport/Error/CommandNotAvailable=The command is currently not available"));}}]]></script>
    <script id="Panel-Brush_Presets-Delete_Brush"><![CDATA[ErrStrs = {}; ErrStrs.USER_CANCELLED=localize("$$$/ScriptingSupport/Error/UserCancelled=User cancelled the operation"); try {var idslct = charIDToTypeID( 'slct' );     var desc484 = new ActionDescriptor();     var idnull = charIDToTypeID( 'null' );         var ref417 = new ActionReference();         var idMn = charIDToTypeID( 'Mn  ' );         var idMnIt = charIDToTypeID( 'MnIt' );         var idBrsf = charIDToTypeID( 'Brsf' );         ref417.putEnumerated( idMn, idMnIt, idBrsf );     desc484.putReference( idnull, ref417 ); executeAction( idslct, desc484, DialogModes.ALL ); } catch(e){if (e.toString().indexOf(ErrStrs.USER_CANCELLED)!=-1) {;} else{alert(localize("$$$/ScriptingSupport/Error/CommandNotAvailable=The command is currently not available"));}}]]></script>
    <script id="Panel-Brush_Presets-Load_Brushes"><![CDATA[ErrStrs = {}; ErrStrs.USER_CANCELLED=localize("$$$/ScriptingSupport/Error/UserCancelled=User cancelled the operation"); try {var idslct = charIDToTypeID( 'slct' );     var desc482 = new ActionDescriptor();     var idnull = charIDToTypeID( 'null' );         var ref415 = new ActionReference();         var idMn = charIDToTypeID( 'Mn  ' );         var idMnIt = charIDToTypeID( 'MnIt' );         var idBrsA = charIDToTypeID( 'BrsA' );         ref415.putEnumerated( idMn, idMnIt, idBrsA );     desc482.putReference( idnull, ref415 ); executeAction( idslct, desc482, DialogModes.ALL ); } catch(e){if (e.toString().indexOf(ErrStrs.USER_CANCELLED)!=-1) {;} else{alert(localize("$$$/ScriptingSupport/Error/CommandNotAvailable=The command is currently not available"));}}]]></script>
    <script id="Panel-Brush_Presets-Save_Brushes"><![CDATA[ErrStrs = {}; ErrStrs.USER_CANCELLED=localize("$$$/ScriptingSupport/Error/UserCancelled=User cancelled the operation"); try {var idslct = charIDToTypeID( 'slct' );     var desc481 = new ActionDescriptor();     var idnull = charIDToTypeID( 'null' );         var ref414 = new ActionReference();         var idMn = charIDToTypeID( 'Mn  ' );         var idMnIt = charIDToTypeID( 'MnIt' );         var idBrsv = charIDToTypeID( 'Brsv' );         ref414.putEnumerated( idMn, idMnIt, idBrsv );     desc481.putReference( idnull, ref414 ); executeAction( idslct, desc481, DialogModes.ALL ); } catch(e){if (e.toString().indexOf(ErrStrs.USER_CANCELLED)!=-1) {;} else{alert(localize("$$$/ScriptingSupport/Error/CommandNotAvailable=The command is currently not available"));}}]]></script>
    <script id="Panel-Brush_Presets-Replace_Brushes"><![CDATA[ErrStrs = {}; ErrStrs.USER_CANCELLED=localize("$$$/ScriptingSupport/Error/UserCancelled=User cancelled the operation"); try {var idslct = charIDToTypeID( 'slct' );     var desc480 = new ActionDescriptor();     var idnull = charIDToTypeID( 'null' );         var ref413 = new ActionReference();         var idMn = charIDToTypeID( 'Mn  ' );         var idMnIt = charIDToTypeID( 'MnIt' );         var idBrsd = charIDToTypeID( 'Brsd' );         ref413.putEnumerated( idMn, idMnIt, idBrsd );     desc480.putReference( idnull, ref413 ); executeAction( idslct, desc480, DialogModes.ALL ); } catch(e){if (e.toString().indexOf(ErrStrs.USER_CANCELLED)!=-1) {;} else{alert(localize("$$$/ScriptingSupport/Error/CommandNotAvailable=The command is currently not available"));}}]]></script>
    <script id="Main-Window-Brush"><![CDATA[ErrStrs = {}; ErrStrs.USER_CANCELLED=localize("$$$/ScriptingSupport/Error/UserCancelled=User cancelled the operation"); try {var idslct = charIDToTypeID( 'slct' );     var desc806 = new ActionDescriptor();     var idnull = charIDToTypeID( 'null' );         var ref647 = new ActionReference();         var idMn = charIDToTypeID( 'Mn  ' );         var idMnIt = charIDToTypeID( 'MnIt' );         var idTglB = charIDToTypeID( 'TglB' );         ref647.putEnumerated( idMn, idMnIt, idTglB );     desc806.putReference( idnull, ref647 ); executeAction( idslct, desc806, DialogModes.ALL ); } catch(e){if (e.toString().indexOf(ErrStrs.USER_CANCELLED)!=-1) {;} else{alert(localize("$$$/ScriptingSupport/Error/CommandNotAvailable=The command is currently not available"));}}]]></script>
  </scripts>
  <elements>
    <element id="ConfiguratorPanel" classRT="com.adobe.configurator2.component.panel.PanelRuntime">
      <attr id="name" meta="UI_ACCESSOR" translate="y"/>
      <attr id="minWidth" meta="UI_ACCESSOR" translate="y"/>
      <attr id="minHeight" meta="UI_ACCESSOR" translate="y"/>
      <attr id="maxWidth" meta="UI_ACCESSOR" translate="y"/>
      <attr id="maxHeight" meta="UI_ACCESSOR" translate="y"/>
      <attr id="persistent" meta="Other" translate="y"/>
      <attr id="extensionId" meta="Other" translate="y"/>
      <attr id="extensionVersion" meta="Other" translate="y"/>
      <attr id="extensionAuthor" meta="Other" translate="y"/>
      <attr id="extensionDescription" meta="Other" translate="y"/>
      <attr id="menuName" meta="Other" translate="y"/>
      <attr id="init" meta="EVENT" translate="y"/>
      <attr id="close" meta="EVENT" translate="y"/>
      <attr id="onInit" meta="UI_ACCESSOR" translate="y"/>
      <attr id="aboutBox" meta="UI_ACCESSOR" localize="y" translate="y"/>
      <attr id="flyoutMenuAbout" meta="Other" localize="y" translate="y"/>
      <attr id="normalIcon" meta="UI_ACCESSOR" translate="y"/>
      <attr id="rollOverIcon" meta="UI_ACCESSOR" translate="y"/>
      <attr id="darkNormalIcon" meta="UI_ACCESSOR" translate="y"/>
      <attr id="width" meta="UI_ACCESSOR" translate="y"/>
      <attr id="height" meta="UI_ACCESSOR" translate="y"/>
    </element>
    <element id="tabnavigator" classRT="com.adobe.configurator2.component.TabNavigatorRuntime">
      <attr id="label" meta="UI_ACCESSOR" localize="y" translate="y"/>
      <attr id="toolTip" meta="UI_ACCESSOR" localize="y" translate="y"/>
      <attr id="top" meta="UI_STYLE" translate="y"/>
      <attr id="bottom" meta="UI_STYLE" translate="y"/>
      <attr id="left" meta="UI_STYLE" translate="y"/>
      <attr id="right" meta="UI_STYLE" translate="y"/>
      <attr id="horizontalCenter" meta="UI_STYLE" translate="y"/>
      <attr id="verticalCenter" meta="UI_STYLE" translate="y"/>
      <attr id="x" meta="UI_ACCESSOR" translate="y"/>
      <attr id="y" meta="UI_ACCESSOR" translate="y"/>
      <attr id="cfgVisible" meta="UI_ACCESSOR" localize="y"/>
      <attr id="width" meta="UI_ACCESSOR" translate="y"/>
      <attr id="height" meta="UI_ACCESSOR" translate="y"/>
    </element>
    <element id="canvas" classRT="mx.containers.Canvas">
      <attr id="label" meta="UI_ACCESSOR" localize="y" translate="y"/>
      <attr id="toolTip" meta="UI_ACCESSOR" localize="y" translate="y"/>
      <attr id="top" meta="UI_STYLE" translate="y"/>
      <attr id="bottom" meta="UI_STYLE" translate="y"/>
      <attr id="left" meta="UI_STYLE" translate="y"/>
      <attr id="right" meta="UI_STYLE" translate="y"/>
      <attr id="horizontalCenter" meta="UI_STYLE" translate="y"/>
      <attr id="verticalCenter" meta="UI_STYLE" translate="y"/>
      <attr id="x" meta="UI_ACCESSOR" translate="y"/>
      <attr id="y" meta="UI_ACCESSOR" translate="y"/>
      <attr id="cfgVisible" meta="UI_ACCESSOR" localize="y"/>
      <attr id="width" meta="UI_ACCESSOR" translate="y"/>
      <attr id="height" meta="UI_ACCESSOR" translate="y"/>
    </element>
    <element id="ps_action" classRT="com.adobe.configurator2.component.CustomButtonRuntime">
      <attr id="actionName" meta="OTHER" localize="y" translate="y"/>
      <attr id="actionSet" meta="OTHER" localize="y" translate="y"/>
      <attr id="icon" meta="UI_STYLE" translate="y"/>
      <attr id="label" meta="UI_ACCESSOR" localize="y" translate="y"/>
      <attr id="toolTip" meta="UI_ACCESSOR" localize="y" translate="y"/>
      <attr id="click" meta="EVENT" translate="y"/>
      <attr id="showIcon" meta="UI_ACCESSOR" translate="y"/>
      <attr id="mouseUpIcon" meta="UI_ACCESSOR" translate="y"/>
      <attr id="mouseOverIcon" meta="UI_ACCESSOR" translate="y"/>
      <attr id="mouseDownSkinIcon" meta="UI_ACCESSOR" translate="y"/>
      <attr id="top" meta="UI_STYLE" translate="y"/>
      <attr id="bottom" meta="UI_STYLE" translate="y"/>
      <attr id="left" meta="UI_STYLE" translate="y"/>
      <attr id="right" meta="UI_STYLE" translate="y"/>
      <attr id="horizontalCenter" meta="UI_STYLE" translate="y"/>
      <attr id="verticalCenter" meta="UI_STYLE" translate="y"/>
      <attr id="x" meta="UI_ACCESSOR" translate="y"/>
      <attr id="y" meta="UI_ACCESSOR" translate="y"/>
      <attr id="cfgVisible" meta="UI_ACCESSOR" localize="y"/>
      <attr id="width" meta="UI_ACCESSOR" translate="y"/>
      <attr id="height" meta="UI_ACCESSOR" translate="y"/>
      <attr id="top" meta="UI_STYLE" translate="y"/>
      <attr id="bottom" meta="UI_STYLE" translate="y"/>
      <attr id="left" meta="UI_STYLE" translate="y"/>
      <attr id="right" meta="UI_STYLE" translate="y"/>
      <attr id="horizontalCenter" meta="UI_STYLE" translate="y"/>
      <attr id="verticalCenter" meta="UI_STYLE" translate="y"/>
      <attr id="x" meta="UI_ACCESSOR" translate="y"/>
      <attr id="y" meta="UI_ACCESSOR" translate="y"/>
      <attr id="cfgVisible" meta="UI_ACCESSOR" localize="y"/>
      <attr id="width" meta="UI_ACCESSOR" translate="y"/>
      <attr id="height" meta="UI_ACCESSOR" translate="y"/>
    </element>
    <element id="ps_tool" classRT="com.adobe.configurator2.component.ToolButtonRuntime">
      <attr id="toolTip" meta="UI_ACCESSOR" localize="y" translate="y"/>
      <attr id="overIcon" meta="UI_STYLE" translate="y"/>
      <attr id="icon" meta="UI_STYLE" translate="y"/>
      <attr id="click" meta="EVENT" translate="y"/>
      <attr id="top" meta="UI_STYLE" translate="y"/>
      <attr id="bottom" meta="UI_STYLE" translate="y"/>
      <attr id="left" meta="UI_STYLE" translate="y"/>
      <attr id="right" meta="UI_STYLE" translate="y"/>
      <attr id="horizontalCenter" meta="UI_STYLE" translate="y"/>
      <attr id="verticalCenter" meta="UI_STYLE" translate="y"/>
      <attr id="x" meta="UI_ACCESSOR" translate="y"/>
      <attr id="y" meta="UI_ACCESSOR" translate="y"/>
      <attr id="cfgVisible" meta="UI_ACCESSOR" localize="y"/>
      <attr id="width" meta="UI_ACCESSOR" translate="y"/>
      <attr id="height" meta="UI_ACCESSOR" translate="y"/>
      <attr id="top" meta="UI_STYLE" translate="y"/>
      <attr id="bottom" meta="UI_STYLE" translate="y"/>
      <attr id="left" meta="UI_STYLE" translate="y"/>
      <attr id="right" meta="UI_STYLE" translate="y"/>
      <attr id="horizontalCenter" meta="UI_STYLE" translate="y"/>
      <attr id="verticalCenter" meta="UI_STYLE" translate="y"/>
      <attr id="x" meta="UI_ACCESSOR" translate="y"/>
      <attr id="y" meta="UI_ACCESSOR" translate="y"/>
      <attr id="cfgVisible" meta="UI_ACCESSOR" localize="y"/>
      <attr id="width" meta="UI_ACCESSOR" translate="y"/>
      <attr id="height" meta="UI_ACCESSOR" translate="y"/>
    </element>
    <element id="text" classRT="com.adobe.configurator2.component.TextAreaRuntime">
      <attr id="text" meta="UI_ACCESSOR" localize="y" translate="y"/>
      <attr id="toolTip" meta="UI_ACCESSOR" localize="y" translate="y"/>
      <attr id="styleName" meta="UI_ACCESSOR" translate="y"/>
      <attr id="fontFamily" meta="UI_STYLE" localize="y" translate="y"/>
      <attr id="fontSize" meta="UI_STYLE" localize="y" translate="y"/>
      <attr id="color" meta="UI_STYLE" localize="y" translate="y"/>
      <attr id="fontWeight" meta="UI_STYLE" localize="y" translate="y"/>
      <attr id="fontStyle" meta="UI_STYLE" localize="y" translate="y"/>
      <attr id="textDecoration" meta="UI_STYLE" localize="y" translate="y"/>
      <attr id="textAlign" meta="UI_STYLE" localize="y" translate="y"/>
      <attr id="backgroundColor" meta="UI_STYLE" localize="y" translate="y"/>
      <attr id="backgroundAlpha" meta="UI_STYLE" localize="y" translate="y"/>
      <attr id="borderColor" meta="UI_STYLE" localize="y" translate="y"/>
      <attr id="borderStyle" meta="UI_STYLE" localize="y" translate="y"/>
      <attr id="borderThickness" meta="UI_STYLE" localize="y" translate="y"/>
      <attr id="dropShadowEnabled" meta="UI_STYLE" localize="y" translate="y"/>
      <attr id="top" meta="UI_STYLE" translate="y"/>
      <attr id="bottom" meta="UI_STYLE" translate="y"/>
      <attr id="left" meta="UI_STYLE" translate="y"/>
      <attr id="right" meta="UI_STYLE" translate="y"/>
      <attr id="horizontalCenter" meta="UI_STYLE" translate="y"/>
      <attr id="verticalCenter" meta="UI_STYLE" translate="y"/>
      <attr id="x" meta="UI_ACCESSOR" translate="y"/>
      <attr id="y" meta="UI_ACCESSOR" translate="y"/>
      <attr id="cfgVisible" meta="UI_ACCESSOR" localize="y"/>
      <attr id="width" meta="UI_ACCESSOR" translate="y"/>
      <attr id="height" meta="UI_ACCESSOR" translate="y"/>
    </element>
    <element id="ps_command" classRT="com.adobe.configurator2.component.CommandButtonRuntime">
      <attr id="label" meta="UI_ACCESSOR" localize="y" translate="y"/>
      <attr id="toolTip" meta="UI_ACCESSOR" localize="y" translate="y"/>
      <attr id="script" meta="OTHER" translate="y"/>
      <attr id="click" meta="EVENT" translate="y"/>
      <attr id="mouseUpIcon" meta="UI_ACCESSOR" translate="y"/>
      <attr id="mouseOverIcon" meta="UI_ACCESSOR" translate="y"/>
      <attr id="mouseDownSkinIcon" meta="UI_ACCESSOR" translate="y"/>
      <attr id="top" meta="UI_STYLE" translate="y"/>
      <attr id="bottom" meta="UI_STYLE" translate="y"/>
      <attr id="left" meta="UI_STYLE" translate="y"/>
      <attr id="right" meta="UI_STYLE" translate="y"/>
      <attr id="horizontalCenter" meta="UI_STYLE" translate="y"/>
      <attr id="verticalCenter" meta="UI_STYLE" translate="y"/>
      <attr id="x" meta="UI_ACCESSOR" translate="y"/>
      <attr id="y" meta="UI_ACCESSOR" translate="y"/>
      <attr id="cfgVisible" meta="UI_ACCESSOR" localize="y"/>
      <attr id="width" meta="UI_ACCESSOR" translate="y"/>
      <attr id="height" meta="UI_ACCESSOR" translate="y"/>
      <attr id="top" meta="UI_STYLE" translate="y"/>
      <attr id="bottom" meta="UI_STYLE" translate="y"/>
      <attr id="left" meta="UI_STYLE" translate="y"/>
      <attr id="right" meta="UI_STYLE" translate="y"/>
      <attr id="horizontalCenter" meta="UI_STYLE" translate="y"/>
      <attr id="verticalCenter" meta="UI_STYLE" translate="y"/>
      <attr id="x" meta="UI_ACCESSOR" translate="y"/>
      <attr id="y" meta="UI_ACCESSOR" translate="y"/>
      <attr id="cfgVisible" meta="UI_ACCESSOR" localize="y"/>
      <attr id="width" meta="UI_ACCESSOR" translate="y"/>
      <attr id="height" meta="UI_ACCESSOR" translate="y"/>
    </element>
  </elements>
  <properties>
    <property id="LocaleSearchPath2">${HostProductRoot}/Locales/${LocaleID}/Support Files/Panels/${PanelName}/dictionary.xml</property>
    <property id="LocaleSearchPath1">${HostProductRoot}/Locales/${LocaleID}/Support Files/Panels/fsPanels.xml</property>
  </properties>
</gpc>